Location,Events
Higher Ground,J.Roddy Walston(Dec /03/2014)
Higher Ground,Iron Eyes Cody(Dec/04/2014)
Higher Ground,The let It Snow Show(Dec/06/2014)
Higher Ground,Kids VT Spectacular(Dec/13/2014)
Higher Ground,The Devil Makes Three(Jan/02/2015)
Higher Ground,Four Year Strong(Jan/06/2015)
Higher Ground,Particle(Jan/10/2015)
Higher Ground,Wild Child(Jan/23/2015)
Zen,College Night Out(Dec/04/2014)
Zen,Tuesday Night(Dec/09/2014)
Zen,College Night Out(Dec/11/2014)
Zen,Club 305(Dec/19/2014)
Nectars,18 Night(Nov/20/2014)
Nectars,Fridays(Dec/05/2014)
Nectars,College Night Out(Dec/09/2014)
